Digital source name,Digital source code,Compositions,Composer
© Bibliothèque nationale de France,"<a href=""https://gallica.bnf.fr/ark:/12148/bpt6k59059t.r=lodovico%20agostini?rk=21459;2""> © Bibliothèque nationale de France </a> ",Cantava in riva al fiume Tirsi,"Agostini, Lodovico"
© Herzogin Anna Amalia Bibliothek,"<a href=""https://haab-digital.klassik-stiftung.de/viewer/resolver?urn=urn:nbn:de:gbv:32-1-10001582338""> © Herzogin Anna Amalia Bibliothek</a>",Dicesti anima mia,"Aleotti, Vittoria"
© Bibliothèque nationale de France,"<a href=""https://gallica.bnf.fr/ark:/12148/btv1b10511133n.r=antonia%20bembo?rk=21459;2"" >© Bibliothèque nationale de France </a>",Anima perfida,"Bembo, Antonia"
© Bibliothèque nationale de France,"<a href=""https://gallica.bnf.fr/ark:/12148/btv1b10511133n.r=antonia%20bembo?rk=21459;2"" >© Bibliothèque nationale de France </a>",Passan veloci l'hore,"Bembo, Antonia"
© Bibliothèque nationale de France,"<a href=""https://gallica.bnf.fr/ark:/12148/btv1b10511133n.r=antonia%20bembo?rk=21459;2"" >© Bibliothèque nationale de France </a>",Tota pulchra es,"Bembo, Antonia"
© Bibliothèque nationale de France,"<a href=""https://gallica.bnf.fr/ark:/12148/btv1b55007217d/f4.item""> © Bibliothèque nationale de France </a> ",Mater patris et filia,"Brumel, Antoine"
© Biblioteca della Musica di Bologna,"<a href=""http://www.bibliotecamusica.it/cmbm/viewschedatwbca.asp?path=/cmbm/images/ripro/gaspari/DD/DD051/""> © Biblioteca della Musica di Bologna </a>",Il Dario,"Caldara, Antonio"
IMSLP,"<a href=""https://imslp.org/wiki/Canzoni_sonetti_strambotti_et_frottole,_Book_3_(Antico,_Andrea)""> IMSLP</a>",Cantai mentre nel cor,"Cara, Marchetto"
© Biblioteca Nazionale Marciana," <a href=""https://imslp.org/wiki/La_Calisto_(Cavalli%2C_Francesco)""> © Biblioteca Nazionale Marciana</a>",Piante ombrose,"Cavalli, Francesco"
IMSLP,"<a href=""https://imslp.org/wiki/Musica_quinque_vocum_(Anonymous)""> IMSLP </a> ",O Salutaris Hostia,"d'Este, Leonora"
IMSLP,"<a href=""https://imslp.org/wiki/Musica_quinque_vocum_(Anonymous)""> IMSLP </a> ",Salve  sponsa Dei,"d'Este, Leonora"
IMSLP,"<a href=""https://imslp.org/wiki/Musica_quinque_vocum_(Anonymous)""> IMSLP </a> ",Veni sponsa Christi,"d'Este, Leonora"
IMSLP,"<a href=""https://imslp.org/wiki/Musica_quinque_vocum_(Anonymous)""> IMSLP </a> ",Virgo Maria,"d'Este, Leonora"
© Bayerische Staatsbibliothek," <a href=""https://stimmbuecher.digitale-sammlungen.de//view?id=bsb00075014""> © Bayerische Staatsbibliothek </a>",Venite amanti insieme,"Festa, Costanzo"
© Universitätsbibliothek Jena,"<a href=""https://collections.thulb.uni-jena.de/receive/HisBest_cbu_00014250""> © Universitätsbibliothek Jena</a> ",Missa pro fidelibus defunctis,"de Fevin, Antoine"
© Bibliothèque nationale de France,"<a href=""https://gallica.bnf.fr/ark:/12148/btv1b10540701c.r=goepftert%20terzetto?rk=21459;2""> © Bibliothèque nationale de France </a> ",Terzetto,"Goepfert, Carl Andreas"
© Bayerische Staatsbibliothek,"<a href=""http://daten.digitale-sammlungen.de/~db/0007/bsb00075415/images/index.html?seite=00001&l=de""> © Bayerische Staatsbibliothek </a> ",Mentre tu canti io canto,"Ingegneri, Marc'Antonio"
© Universitätsbibliothek Jena,"<a href=""https://collections.thulb.uni-jena.de/receive/HisBest_cbu_00014290""> © Universitätsbibliothek Jena </a> ",Missa carminum - Sanctus-Benedictus,"Isaac, Heinrich"
© Biblioteca della Musica di Bologna,"<a href=""http://www.bibliotecamusica.it/cmbm/viewschedatwbca.asp?path=/cmbm/images/ripro/gaspari/_S/S281/""> © Biblioteca della Musica Bologna </a> ",Missa Libera me Domine,"Isnardi, Paolo"
© Library of Congress,"<a href=""https://loc.gov/item/ihas.200154752""> © Library of Congress </a>",Aura soave,"Luzzaschi, Luzzasco"
© Bayerische Staatsbibliothek,"<a href=""https://daten.digitale-sammlungen.de/~db/0009/bsb00090305/images/index.html?seite=00001&l=de""> © Bayerische Staatsbibliothek </a> ",Arianna Abbandonata,"Marcello, Benedetto"
© Bibliothèque nationale de France,"<a href=""https://gallica.bnf.fr/ark:/12148/btv1b8449068j.r=il%20lauro%20secco?rk=21459;2""> © Bibliothèque nationale de France</a>",Mentre l'aura spirò,"Marenzio, Luca"
© Biblioteca della Musica di Bologna,"<a href=""http://www.bibliotecamusica.it/cmbm/viewschedatwbca.asp?path=/cmbm/images/ripro/gaspari/AA/AA278/""> © Biblioteca della Musica di Bologna </a>",Lamento della Beata Vergine,"Mazzocchi, Domenico"
© Biblioteca della Musica di Bologna,"<a href=""http://www.bibliotecamusica.it/cmbm/viewschedatwbca.asp?path=/cmbm/images/ripro/gaspari/_Q/Q051/""> © Biblioteca della musica di Bologna </a>",Tandernacken,"Obrecht, Jacob"
© Biblioteca Vaticana," <a href=""https://digi.vatlib.it/view/MSS_Chig.C.VIII.234""> © Biblioteca Vaticana </a> ",Missa au travail suis,"Ockeghem, Johannes"
© Bayerische Staatsbibliothek," <a href=""https://daten.digitale-sammlungen.de/~db/0008/bsb00080474/images/?viewmode=1""> © Bayerische Staatsbibliothek </a> ",La luce occhi miei lassi,"Primavera, Giovan Leonardo"
© Biblioteca della Musica di Bologna,"<a href=""http://www.bibliotecamusica.it/cmbm/viewschedatwbca.asp?path=/cmbm/images/ripro/gaspari/_U/U143/""> © Biblioteca della Musica di Bologna </a>",En voz adieux dames,"de Rore, Cipriano"
© Bodleian Library,"<a href=""https://digital.bodleian.ox.ac.uk/inquire/Discover/Search/#/?p=c+0,t+,rsrs+0,rsps+10,fa+,so+ox%3Asort%5Easc,scids+,pid+1f7ddebb-2a8b-4c5c-9293-5ea4dcf74af7,vi+82ffe925-b669-4073-ac43-598eb0d72e3b""> © Bodleian Library </a>",Concinat plebs fidelium,"Speyer, Julian"
© Bibliothèque nationale de France,"<a href=""https://gallica.bnf.fr/ark:/12148/btv1b8449072f?rk=21459;2""> © Bibliothèque nationale de France </a>",Forse è cagion l'aurora,"Spontone, Bartolomeo"
© Biblioteca della Musica di Bologna,"<a href=""http://www.bibliotecamusica.it/cmbm/viewschedatwbca.asp?path=/cmbm/images/ripro/gaspari/DD/DD051/""> © Biblioteca della Musica di Bologna </a>",Seneca Svenato,"Stradella, Alessandro"
© Biblioteca Estense,"<a href=""http://bibliotecaestense.beniculturali.it/info/img/mus/i-mo-beu-mus.f.1146.html""> © Biblioteca Estense </a>",Il Barcheggio,"Stradella, Alessandro"
© Bibliothèque nationale de France,"<a href=""https://gallica.bnf.fr/ark:/12148/btv1b8449063g.r=canzonette%20a%20tre%20voci?rk=21459;2""> © Bibliothèque nationale de France </a>",Deh cant'aminta,"Vecchi, Orazio"
© Bibliothèque nationale de France,"<a href=""https://gallica.bnf.fr/ark:/12148/btv1b8449063g.r=canzonette%20a%20tre%20voci?rk=21459;2""> © Bibliothèque nationale de France </a>",Per l'ottavo miracolo,"Vecchi, Orazio"
© Bayerische Staatsbibliothek,"<a href=""https://stimmbuecher.digitale-sammlungen.de//view?id=bsb00071930""> © Bayerische Staatsbibliothek</a>",Quanto sia liet'il giorno,"Verdelot, Philippe"
© Bayerische Staatsbibliothek,"<a href=""https://stimmbuecher.digitale-sammlungen.de//view?id=bsb00",Alma beat'e bella,"dalla Viola, Alfonso"
© Bayerische Staatsbibliothek,"<a href=""https://stimmbuecher.digitale-sammlungen.de//view?id=bsb00",Donna bell'e gentile,"dalla Viola, Alfonso"
© Bayerische Staatsbibliothek,"<a href=""https://stimmbuecher.digitale-sammlungen.de//view?id=bsb00",Stella che fra le stelle,"dalla Viola, Alfonso"
© Biblioteca della Musica di Bologna,"<a href=""http://www.bibliotecamusica.it/cmbm/viewschedatwbca.asp?path=/cmbm/images/ripro/gaspari/_V/V005/""> © Biblioteca della Musica Bologna</a>",Scherza nel canto,"de Wert, Giaches"
© Bayerische Staatsbibliothek,"<a href=""https://stimmbuecher.digitale-sammlungen.de//view?id=bsb00073118""> © Bayerische Staatsbibliothek</a>",Gemma Clarissima,"Willaert, Adriaan"
© Bibliothèque nationale de France,"<a href=""https://gallica.bnf.fr/ark:/12148/btv1b9007335q""> © Bibliothèque nationale de France </a>",Poi che vivo,Anonymous
© Bibliothèque nationale de France,"<a href=""https://gallica.bnf.fr/ark:/12148/btv1b525044884/f130.image""> © Bibliothèque nationale de France</a>",J'ay pris amours - Canti Zoiosi,Anonymous
© Bayerische Staatsbibliothek,"<a href=""https://stimmbuecher.digitale-sammlungen.de//view?id=bsb00071901""> © Bayerische Staatsbibliothek </a>",O viver mio noioso,Anonymous
© Royal Holloway,"<a href=""https://repository.royalholloway.ac.uk/items/e7b3ad81-aba5-6e34-1334-03e02523272c/1/""> © Royal Holloway </a>",Vidi spetiosam Columbam,Anonymous
© Biblioteca Estense,"<a href=""http://bibliotecaestense.beniculturali.it/info/img/mus/i-mo-beu-alfa.m.1.2.html""> © Biblioteca Estense</a>",Missa Fortuna Desperata,"des Prez, Josquin"
© Universitätsbibliothek Jena,"<a href=""https://collections.thulb.uni-jena.de/receive/HisBest_cbu_00014267"">© Universitätsbibliothek Jena</a>",Missa Nunca fue pena major,"de la Rue, Pierre"
© Universitätsbibliothek Jena,"<a href=""https://collections.thulb.uni-jena.de/receive/HisBest_cbu_00014273"">© Universitätsbibliothek Jena</a>",Missa Tandernacken,"de la Rue, Pierre"
© Biblioteca Estense,"<a href=""http://bibliotecaestense.beniculturali.it/info/img/mus/i-mo-beu-mus.f.1134.html""> © Biblioteca Estense </a>",Il Biante,"Stradella, Alessandro"
© Biblioteca Estense,"<a href=""http://bibliotecaestense.beniculturali.it/info/img/mus/i-mo-beu-mus.f.1142.html""> © Biblioteca Estense </a>",Santa Editta,"Stradella, Alessandro"
© Biblioteca Estense,"<a href=""http://bibliotecaestense.beniculturali.it/info/img/mus/i-mo-beu-mus.f.102.html""> © Biblioteca Estense</a>",La Maddalena ai piedi di Cristo,"Bononcini, Giovanni"
© Bayerische Staatsbibliothek,"<a href=""http://daten.digitale-sammlungen.de/~db/0007/bsb00071983/images/index.html?seite=00001&l=de""> © Bayerische Staatsbibliothek </a>",D'amour je suis deserite,"Gardano, Antonio"
© Bayerische Staatsbibliothek,"<a href=""http://daten.digitale-sammlungen.de/~db/0007/bsb00071983/images/index.html?seite=00001&l=de""> © Bayerische Staatsbibliothek </a>",De jour en jour tu me fais consumer,"Gardano, Antonio"
© Bayerische Staatsbibliothek,"<a href=""http://daten.digitale-sammlungen.de/~db/0007/bsb00071983/images/index.html?seite=00001&l=de""> © Bayerische Staatsbibliothek </a>",Disant hellas fortune,"Gardano, Antonio"
© Bayerische Staatsbibliothek,"<a href=""http://daten.digitale-sammlungen.de/~db/0007/bsb00071983/images/index.html?seite=00001&l=de""> © Bayerische Staatsbibliothek </a>",Las voules vous qu'une persone chante,"Gardano, Antonio"
© Bayerische Staatsbibliothek,"<a href=""https://stimmbuecher.digitale-sammlungen.de//view?id=bsb00073526""> © Bayerische Staatsbibliothek </a>",La la maistre Pierre,"Gero, Jhan"
© Bayerische Staatsbibliothek,"<a href=""https://stimmbuecher.digitale-sammlungen.de//view?id=bsb00073526""> © Bayerische Staatsbibliothek </a>",Qual maggior segno del mio ardor volete,"Gero, Jhan"
© Bayerische Staatsbibliothek,"<a href=""https://stimmbuecher.digitale-sammlungen.de//view?id=bsb00073526""> © Bayerische Staatsbibliothek </a>",Quant je boy du vin claret,"Gero, Jhan"
© Bayerische Staatsbibliothek,"<a href=""https://stimmbuecher.digitale-sammlungen.de//view?id=bsb00073526""> © Bayerische Staatsbibliothek </a>",Triste et pensif suis pour la noie,"Gero, Jhan"
© Bayerische Staatsbibliothek,"<a href=""https://stimmbuecher.digitale-sammlungen.de//view?id=bsb00073526""> © Bayerische Staatsbibliothek </a>",Ung jour Coulin,"Gero, Jhan"
EXAMENAPIUM,"<a href=""http://petrucci.mus.auth.gr/imglnks/usimg/c/c5/IMSLP158751-PMLP53564-cartella_primeira_edicao2.pdf""> EXAMENAPIUM </a>",Cartella - Il Primo Duo ,"Banchieri, Adriano"
EXAMENAPIUM,"<a href=""http://petrucci.mus.auth.gr/imglnks/usimg/c/c5/IMSLP158751-PMLP53564-cartella_primeira_edicao2.pdf""> EXAMENAPIUM </a>",Cartella - Il Secondo Duo ,"Banchieri, Adriano"
EXAMENAPIUM,"<a href=""http://petrucci.mus.auth.gr/imglnks/usimg/c/c5/IMSLP158751-PMLP53564-cartella_primeira_edicao2.pdf""> EXAMENAPIUM </a>",Cartella - Il Terzo Duo ,"Banchieri, Adriano"
EXAMENAPIUM,"<a href=""http://petrucci.mus.auth.gr/imglnks/usimg/c/c5/IMSLP158751-PMLP53564-cartella_primeira_edicao2.pdf""> EXAMENAPIUM </a>",Cartella - Il Quarto Duo ,"Banchieri, Adriano"
© Bibliothèque nationale de France,"<a href=""https://gallica.bnf.fr/ark:/12148/btv1b10511133n.r=antonia%20bembo?rk=21459;2"" >© Bibliothèque nationale de France </a>",Beata Sirena,"Bembo, Antonia"
© Bibliothèque nationale de France,"<a href=""https://gallica.bnf.fr/ark:/12148/btv1b10511133n.r=antonia%20bembo?rk=21459;2"" >© Bibliothèque nationale de France </a>",Sonetto al Re,"Bembo, Antonia"
© Bibliothèque nationale de France,"<a href=""https://gallica.bnf.fr/ark:/12148/btv1b10511133n.r=antonia%20bembo?rk=21459;2"" >© Bibliothèque nationale de France </a>",Ha que l'absence,"Bembo, Antonia"
© Bibliothèque nationale de France,"<a href=""https://gallica.bnf.fr/ark:/12148/btv1b10511133n.r=antonia%20bembo?rk=21459;2"" >© Bibliothèque nationale de France </a>",Amanti a costo di pianti,"Bembo, Antonia"
© Bayerische Staatsbibliothek,"<a href=""https://daten.digitale-sammlungen.de/~db/0011/bsb00114560/images/index.html?seite=00001&l=de""> © Bayerische Staatsbibliothek </a>",Beglückt durch dich,"von Call, Leonard"
© Bayerische Staatsbibliothek,"<a href=""http://daten.digitale-sammlungen.de/~db/0007/bsb00071910/images/index.html?seite=00001&l=de""> © Bayerische Staatsbibliothek </a>",Chi mette il piè su l'amorosa pania,"Cambio, Perissone"
© Bayerische Staatsbibliothek,"<a href=""https://stimmbuecher.digitale-sammlungen.de//view?id=bsb00075412""> © Bayerische Staatsbibliothek </a>",Chi salirà per me madonna in cielo,"de Wert, Giaches"
© Bayerische Staatsbibliothek,"<a href=""http://daten.digitale-sammlungen.de/~db/0007/bsb00075507/images/index.html?seite=00001&l=de""> © Bayerische Staatsbibliothek </a>",Dunque baciar sì belle e dolce labbia,"de Wert, Giaches"
© Bayerische Staatsbibliothek,"<a href=""http://daten.digitale-sammlungen.de/~db/0007/bsb00075507/images/index.html?seite=00001&l=de""> © Bayerische Staatsbibliothek </a>",Ma di che debbo lamentarmi ahi lassa,"de Wert, Giaches"
© KBR,"<a href=""https://opac.rism.info/metaopac/singleHit.do?methodToCall=showHit&curPos=1&identifier=251_SOLR_SERVER_408600826""> © KBR </a>",Corrò la fresca e matutina rosa,"Ruffo, Vincenzo"
© KBR,"<a href=""https://opac.rism.info/metaopac/singleHit.do?methodToCall=showHit&curPos=1&identifier=251_SOLR_SERVER_408600826""> © KBR </a>",Ingiustissimo Amor perché sì raro,"Ruffo, Vincenzo"
© British Library,"<a href=""https://repository.royalholloway.ac.uk/items/e46ad592-abbd-2a48-3264-47008b2252a5/1/""> © British Library </a>",Vide lontano o le parve vedere,"Baratto, Francesco"
© Bayerische Staatsbibliothek,"<a href=""https://stimmbuecher.digitale-sammlungen.de//view?id=bsb00075412""> © Bayerische Staatsbibliothek </a>",Era il bel viso suo qual esser suole,"Barré, Antonio"
© British Library,"<a href=""https://repository.royalholloway.ac.uk/items/104ae069-afd2-74d2-ef5a-6ca1103f5a0a/1/""> © British Library </a>",Dunque fia ver dicea,"Barré, Antonio"
© Biblioteca della Musica di Bologna,"<a href=""http://www.bibliotecamusica.it/cmbm/viewschedatwbca.asp?path=/cmbm/images/ripro/gaspari/_S/S006/""> © Biblioteca della Musica di Bologna </a>",Già in ogni parte gli animanti lassi,"Cimello, Giovanni Tommaso"
© British Library,"<a href=""https://repository.royalholloway.ac.uk/items/104ae069-afd2-74d2-ef5a-6ca1103f5a0a/1/""> © British Library </a>",Fedel qual sempre fui tal esser voglio,"Danckerts, Ghiselin"
IMSLP,"<a href=""https://imslp.org/wiki/Falsi_bordoni_per_cantar_salmi_(Asola%2C_Giammateo)""> IMSLP </a> ",Hymni,"Asola, Giovanni Matteo"
IMSLP,"<a href=""https://imslp.org/wiki/Falsi_bordoni_per_cantar_salmi_(Asola%2C_Giammateo)""> IMSLP </a> ",Letanie (Kyrie),"Asola, Giovanni Matteo"
IMSLP,"<a href=""https://imslp.org/wiki/Falsi_bordoni_per_cantar_salmi_(Asola%2C_Giammateo)""> IMSLP </a> ",Letanie Beata Viriginis,"Asola, Giovanni Matteo"
© Biblioteca della Musica di Bologna,"<a href=""http://www.bibliotecamusica.it/cmbm/viewschedatwbca.asp?path=/cmbm/images/ripro/gaspari/_R/R360/""> © Biblioteca della Musica di Bologna </a>","Falsibordoni (Regole, Passaggi di Musica)","Bovicelli, Giovanni Battista"
© Biblioteca della Musica di Bologna,"<a href=""http://www.bibliotecamusica.it/cmbm/viewschedatwbca.asp?path=/cmbm/images/ripro/gaspari/_R/R360/""> © Biblioteca della Musica di Bologna </a>",Magnificat passaggiato (Giovannelli),"Bovicelli, Giovanni Battista"
© Bayerische Staatsbibliothek,"<a href=""https://www.digitale-sammlungen.de/en/view/bsb00071831?page=,1""> © Bayerische Staatsbibliothek </a>",De Profundis,"Cantone, Serafino"
© Biblioteca della Musica di Bologna,"<a href=""http://www.bibliotecamusica.it/cmbm/viewschedatwbca.asp?path=/cmbm/images/ripro/gaspari/_C/C125/""> © Biblioteca della Musica di Bologna </a>",Falsibordoni (Il Scolaro Principiante),"Cavalliere, Giovanni Filippo"
© Biblioteca della Musica di Bologna,"<a href=""http://www.bibliotecamusica.it/cmbm/viewschedatwbca.asp?path=/cmbm/images/ripro/gaspari/_C/C125/""> © Biblioteca della Musica di Bologna </a>",Hinno per il Natale (Christe Redemptor omnium),"Cavalliere, Giovanni Filippo"
© Bayerische Staatsbibliothek,"<a href=""https://www.digitale-sammlungen.de/en/view/bsb00071832?page=,1""> © Bayerische Staatsbibliothek </a>",Nisi Dominus,"Ratti, Bartolomeo"
© Bayerische Staatsbibliothek,"<a href=""https://www.digitale-sammlungen.de/en/view/bsb00071908?q=%28giulio+fiesco%29&page=2,3""> © Bayerische Staatsbibliothek </a>",Crudel di che che peccato a doler t'hai?,"Fiesco, Giulio"
© British Library,"<a href=""https://repository.royalholloway.ac.uk/items/104ae069-afd2-74d2-ef5a-6ca1103f5a0a/1/""> © British Library </a>",Il dolce sonno mi promise pace,"Lupacchino, Bernardino"
© Bayerische Staatsbibliothek,"<a href=""https://www.digitale-sammlungen.de/en/view/bsb00071911?page=,1""> © Bayerische Staatsbibliothek </a>",Sotto due negri e sottilissimi archi,"Lupacchino, Bernardino"
© Bayerische Staatsbibliothek,"<a href=""https://www.digitale-sammlungen.de/en/view/bsb00074058?page=,1""> © Bayerische Staatsbibliothek </a>",Verovio - La verginella è simile alla rosa,Anonymous
© Bayerische Staatsbibliothek,"<a href=""https://www.digitale-sammlungen.de/en/view/bsb00071900?q=%28madrigali+de+la+fama%29&page=,1""> © Bayerische Staatsbibliothek </a>",La verginella è simile alla rosa,"dalla Viola, Francesco"
IMSLP,"<a href=""https://imslp.org/wiki/Musiche_sacre_e_morali_(Mazzocchi%2C_Domenico)""> IMSLP </a> ",Vide nel mezzo dell'ombrosa notte - La Notte del Santissimo Natale,"Mazzocchi, Domenico"
IMSLP,"<a href=""https://imslp.org/wiki/Musiche_sacre_e_morali_(Mazzocchi%2C_Domenico)""> IMSLP </a> ",Giunto alla cuna - Per la Natività di Nostro Signore,"Mazzocchi, Domenico"
© Bibliothèque nationale de France,"<a href=""https://gallica.bnf.fr/ark:/12148/btv1b8528539x.r=mario%20savioni?rk=150215;2"" >© Bibliothèque nationale de France </a>",Ai disusati accenti - Per il Santissimo Natale,"Savioni, Mario"
© Bibliothèque nationale de France,"<a href=""https://gallica.bnf.fr/ark:/12148/btv1b8528539x.r=mario%20savioni?rk=150215;2"" >© Bibliothèque nationale de France </a>",Già la metà della carriera oscura - Per il Santissimo Natale,"Savioni, Mario"
© Biblioteca della Musica di Bologna,"<a href=""http://www.bibliotecamusica.it/cmbm/viewschedatwbca.asp?path=/cmbm/images/ripro/gaspari/AA/AA324/""> © Biblioteca della Musica di Bologna </a>",Filli quell'Auree crespe ,"Milanuzzi, Carlo"
© Biblioteca della Musica di Bologna,"<a href=""http://www.bibliotecamusica.it/cmbm/viewschedatwbca.asp?path=/cmbm/images/ripro/gaspari/AA/AA324/""> © Biblioteca della Musica di Bologna </a>","Ut re mi fa solo la, la dove Amore sfavilla (Scherzo Boscaroccio)","Milanuzzi, Carlo"
© Biblioteca della Musica di Bologna,"<a href=""http://www.bibliotecamusica.it/cmbm/viewschedatwbca.asp?path=/cmbm/images/ripro/gaspari/AA/AA324/""> © Biblioteca della Musica di Bologna </a>",Dolce è languir (Penar Soave),"Milanuzzi, Carlo"
© Biblioteca della Musica di Bologna,"<a href=""http://www.bibliotecamusica.it/cmbm/viewschedatwbca.asp?path=/cmbm/images/ripro/gaspari/_R/R229/""> © Biblioteca della Musica di Bologna </a>",Tu che passato mio buon tempo sai,"Dentice, Luigi"
© Biblioteca della Musica di Bologna,"<a href=""http://www.bibliotecamusica.it/cmbm/viewschedatwbca.asp?path=/cmbm/images/ripro/gaspari/_R/R229/""> © Biblioteca della Musica di Bologna </a>",Cantai un tempo e si fu dolce il canto,"Dentice, Luigi"
© Biblioteca della Musica di Bologna,"<a href=""http://www.bibliotecamusica.it/cmbm/viewschedatwbca.asp?path=/cmbm/images/ripro/gaspari/_R/R229/""> © Biblioteca della Musica di Bologna </a>",E dove non potea la debil voce,"Rodio, Rocco"
© Bibliothèque nationale de France,"<a href=""https://gallica.bnf.fr/ark:/12148/btv1b9067638n.r=corradi?rk=236052;4"" >© Bibliothèque nationale de France </a>","Sono lacci, donne belle","Corradi, Flaminio"
© Bibliothèque nationale de France,"<a href=""https://gallica.bnf.fr/ark:/12148/btv1b9067638n.r=corradi?rk=236052;4"" >© Bibliothèque nationale de France </a>",Filli vita del mio core,"Corradi, Flaminio"
© Bibliothèque nationale de France,"<a href=""https://gallica.bnf.fr/ark:/12148/btv1b9067638n.r=corradi?rk=236052;4"" >© Bibliothèque nationale de France </a>",Oh di Euterpe il dolce canto,"Corradi, Flaminio"
© Bibliothèque nationale de France,"<a href=""https://gallica.bnf.fr/ark:/12148/btv1b9067638n.r=corradi?rk=236052;4"" >© Bibliothèque nationale de France </a>",Filli mia pena mi date,"Corradi, Flaminio"
© Biblioteca del Conservatorio di musica Luigi Cherubini ,"<a href="""" >© Biblioteca del Conservatorio di musica Luigi Cherubini  </a>",Queste non son più lagrime che fuore,"Tromboncino, Bartolomeo"
© Bibliothèque nationale de France,"<a href=""https://gallica.bnf.fr/ark:/12148/bpt6k859939j?rk=21459;2"" >© Bibliothèque nationale de France </a>",L'Allemande,"Pécour, Louis-Guillaume "
© Bibliothèque nationale de France,"<a href=""https://gallica.bnf.fr/ark:/12148/bpt6k10484872.r=Recueil%20de%20dances%20compos%C3%A9es%20par%20M.%20Pecour?rk=21459;2"" >© Bibliothèque nationale de France </a>",La Bourgogne,"Pécour, Louis-Guillaume "
© Bibliothèque nationale de France,"<a href=""https://gallica.bnf.fr/ark:/12148/bpt6k10484872.r=Recueil%20de%20dances%20compos%C3%A9es%20par%20M.%20Pecour?rk=21459;2"" >© Bibliothèque nationale de France </a>",Le Menuet d'Alcide,"Pécour, Louis-Guillaume "
© Bibliothèque nationale de France,"<a href=""https://gallica.bnf.fr/ark:/12148/bpt6k1048483d?rk=21459;2"" >© Bibliothèque nationale de France </a>",Gigue de Roland,"Lully, Jean-Baptiste"
© Bibliothèque nationale de France,"<a href=""https://gallica.bnf.fr/ark:/12148/bpt6k859949w.r=IIe%20Recueil%20de%20danses%20de%20bal%20pour%20l%27ann%C3%A9e%201704?rk=21459;2"" >© Bibliothèque nationale de France </a>",Sarabande de Tancrède,"Campra, André"
© Biblioteca della Musica di Bologna,"<a href=""http://www.bibliotecamusica.it/cmbm/viewschedatwbca.asp?path=/cmbm/images/ripro/gaspari/_V/V134/""> © Biblioteca della Musica di Bologna </a>",Dov'io credea le mie speranze avere,"Stafani, Giovanni"
© Biblioteca della Musica di Bologna,"<a href=""http://www.bibliotecamusica.it/cmbm/viewschedatwbca.asp?path=/cmbm/images/ripro/gaspari/_Z/Z159/""> © Biblioteca della Musica di Bologna </a>",Deh Florinda,"Franzoni, Amante"
© Bayerische Staatsbibliothek,"<a href=""https://www.digitale-sammlungen.de/en/view/bsb11451961?q=%28%22lodi+della+musica%22+verovio%29&page=,1""> © Bayerische Staatsbibliothek </a>",Ai dolci e vaghi accenti,"Nanino, Giovanni Maria"
© Bayerische Staatsbibliothek,"<a href=""https://www.digitale-sammlungen.de/en/view/bsb11451961?q=%28%22lodi+della+musica%22+verovio%29&page=,1""> © Bayerische Staatsbibliothek </a>",Se dunqu'il dolce canto,"de Macque, Giovanni"
© Bayerische Staatsbibliothek,"<a href=""https://www.digitale-sammlungen.de/en/view/bsb11451961?q=%28%22lodi+della+musica%22+verovio%29&page=,1""> © Bayerische Staatsbibliothek </a>",E da verdi boschetti,"Giovannelli, Ruggiero"
© Bayerische Staatsbibliothek,"<a href=""https://www.digitale-sammlungen.de/en/view/bsb11451961?q=%28%22lodi+della+musica%22+verovio%29&page=,1""> © Bayerische Staatsbibliothek </a>",Al suon di Cornamusa,"Anerio, Felice"
© Bayerische Staatsbibliothek,"<a href=""https://www.digitale-sammlungen.de/en/view/bsb11451961?q=%28%22lodi+della+musica%22+verovio%29&page=,1""> © Bayerische Staatsbibliothek </a>",Quand'il fido Pastore,"del Mel, Rinaldo"
© Bayerische Staatsbibliothek,"<a href=""https://www.digitale-sammlungen.de/en/view/bsb00074058?page=,1""> © Bayerische Staatsbibliothek </a>",Se'l raggio de vostr'occhi m'arde il core,"Marenzio, Luca"
© Bayerische Staatsbibliothek,"<a href=""https://www.digitale-sammlungen.de/en/view/bsb00074058?page=,1""> © Bayerische Staatsbibliothek </a>",O mio soave foco,"Stabile, Pompeo"
© Bayerische Staatsbibliothek,"<a href=""https://www.digitale-sammlungen.de/en/view/bsb00074058?page=,1""> © Bayerische Staatsbibliothek </a>",Tal da vostri occhi foco,"Quagliati, Paolo"
© Bayerische Staatsbibliothek,"<a href=""https://www.digitale-sammlungen.de/en/view/bsb00074058?page=,1""> © Bayerische Staatsbibliothek </a>",Pose un gran foco nel mio petto Amore,"da Palestrina, Giovanni Pierluigi "
© Bayerische Staatsbibliothek,"<a href=""https://www.digitale-sammlungen.de/en/view/bsb00074058?page=,1""> © Bayerische Staatsbibliothek </a>",Spesso il canto ad amare,"Griffi, Orazio"
© Biblioteca della Musica di Bologna,"<a href=""http://www.bibliotecamusica.it/cmbm/viewschedatwbca.asp?path=/cmbm/images/ripro/gaspari/BB/BB310/""> © Biblioteca della Musica di Bologna </a>",Ahi Serpentella,"Saracini, Claudio"
© Bibliothèque nationale de France,"<a href=""https://gallica.bnf.fr/ark:/12148/bpt6k1280267q.r=kapsberger%20villanelle?rk=64378;0"" >© Bibliothèque nationale de France </a>",D'una guancia alma ridente,"Kaspberger, Giovanni  Girolamo"
IMSLP,"<a href=""https://imslp.org/wiki/Salmi_passaggiati_per_tutte_le_voci_nella_maniera_che_si_cantano_in_Roma_(Severi%2C_Francesco)""> IMSLP </a> ",Confitebor tibi Domine,"Severi, Francesco"
IMSLP,"<a href=""https://imslp.org/wiki/Diletto_spirituale_(Verovio%2C_Simone)""> IMSLP </a> ",O gloriosa donna Alta sopra le Stelle,"Soriano, Francesco"
© Biblioteca della Musica di Bologna,"<a href=""http://www.bibliotecamusica.it/cmbm/viewschedatwbca.asp?path=/cmbm/images/ripro/gaspari/_Z/Z238/""> © Biblioteca della Musica di Bologna </a>","O Monti, o colli, o prati a voi riede","Giacobbi, Girolamo"
© Biblioteca della Musica di Bologna,"<a href=""http://www.bibliotecamusica.it/cmbm/viewschedatwbca.asp?path=/cmbm/images/ripro/gaspari/_V/V131/""> © Biblioteca della Musica di Bologna </a>",Sulle penne de venti il Ciel varcando (Prologo La Maddalena),"Monteverdi, Claudio"
© Biblioteca della Musica di Bologna,"<a href=""http://www.bibliotecamusica.it/cmbm/viewschedatwbca.asp?path=/cmbm/images/ripro/gaspari/_V/V131/""> © Biblioteca della Musica di Bologna </a>",Da la fonte del core,"Guivizzani, Alessandro"
© Biblioteca della Musica di Bologna,"<a href=""http://www.bibliotecamusica.it/cmbm/viewschedatwbca.asp?path=/cmbm/images/ripro/gaspari/_V/V131/""> © Biblioteca della Musica di Bologna </a>",Spazziam pront'oh vecchiarelle,"Rossi, Salomone"
© Biblioteca della Musica di Bologna,"<a href=""http://www.bibliotecamusica.it/cmbm/viewschedatwbca.asp?path=/cmbm/images/ripro/gaspari/AA/AA106/""> © Biblioteca della Musica di Bologna </a>",Bella Filli io son ferito,"Guazzi, Eleuterio"
© Biblioteca della Musica di Bologna,"<a href=""http://www.bibliotecamusica.it/cmbm/viewschedatwbca.asp?path=/cmbm/images/ripro/gaspari/AA/AA106/""> © Biblioteca della Musica di Bologna </a>",Gioite di mille tormenti,"Guazzi, Eleuterio"
© Biblioteca della Musica di Bologna,"<a href=""http://www.bibliotecamusica.it/cmbm/viewschedatwbca.asp?path=/cmbm/images/ripro/gaspari/AA/AA106/""> © Biblioteca della Musica di Bologna </a>",Dove son iti tanti piacer d'Amor,"Guazzi, Eleuterio"
© Biblioteca della Musica di Bologna,"<a href=""http://www.bibliotecamusica.it/cmbm/viewschedatwbca.asp?path=/cmbm/images/ripro/gaspari/AA/AA106/""> © Biblioteca della Musica di Bologna </a>","Corri Filli, corri al prato","Guazzi, Eleuterio"
© Biblioteca della Musica di Bologna,"<a href=""http://www.bibliotecamusica.it/cmbm/viewschedatwbca.asp?path=/cmbm/images/ripro/gaspari/AA/AA106/""> © Biblioteca della Musica di Bologna </a>",I Bei legami che stan'intorno,"Guazzi, Eleuterio"
© Biblioteca della Musica di Bologna,"<a href=""http://www.bibliotecamusica.it/cmbm/viewschedatwbca.asp?path=/cmbm/images/ripro/gaspari/AA/AA106/""> © Biblioteca della Musica di Bologna </a>",Così m'ha fatt'Amor (Romanesca),"Guazzi, Eleuterio"
© Bibliothèque nationale de France,"<a href=""https://gallica.bnf.fr/ark:/12148/bpt6k1280276p.r=brunetti%20euterpe?rk=21459;2"" >© Bibliothèque nationale de France </a>",Porto nel fianco il dardo,"Brunetti, Domenico"
© Bibliothèque nationale de France,"<a href=""https://gallica.bnf.fr/ark:/12148/bpt6k1280276p.r=brunetti%20euterpe?rk=21459;2"" >© Bibliothèque nationale de France </a>","Care gioie, che le noie","Brunetti, Domenico"
© Bibliothèque nationale de France,"<a href=""https://gallica.bnf.fr/ark:/12148/bpt6k1280276p.r=brunetti%20euterpe?rk=21459;2"" >© Bibliothèque nationale de France </a>",Crudel così dileggi al mio tormento,"Brunetti, Domenico"
© Library of Congress,"<a href=""https://www.loc.gov/item/2008561328/""> © Library of Congress </a>",Belle stelluzze d'oro,"de Silvestri, Florido"